famille_brute;n;k_mediane;k_moyenne;k_q25;k_q75;niveaux_median;surface_hs_mediane;hauteur_mediane
Mixte;119;1.6866008753242014;1.678542913951118;1.5009926545526486;1.8494588000235406;7.0;1305.62;22.56
Habitation;667;1.9558557044088798;1.9530123458792596;1.3027347508124696;2.518192175561603;2.0;277.52;7.5
Activités;64;1.9924596234584233;2.1197690959186604;1.486327124368307;2.5857234504730524;3.5;1243.815;12.385000000000002
Equipement collectif;60;2.148332084039552;2.0400036613487447;1.2668379329788317;2.7239021642251537;3.0;1204.02;8.809999999999999
