typologie_finale;n;k_mediane;k_moyenne;k_q25;k_q75;niveaux_median;surface_hs_mediane;hauteur_mediane
Mixte;119;1.6866008753242014;1.678542913951118;1.5009926545526486;1.8494588000235406;7.0;1305.62;22.56
Grand collectif;92;1.7128101113705072;1.7244303768495177;1.534425207953262;1.9244910691578827;7.0;1272.23;21.425
Maison 2 logements;37;1.9108575437641422;1.9500962566670261;1.2535443277382028;2.367543959223795;2.0;331.67;7.59
Immeuble collectif;84;1.9215282003764869;1.9906492537041436;1.4308939952568542;2.58113062698886;3.0;500.8225;10.035
Maison individuelle grande;139;1.9847636417334893;2.0099727230913143;1.2640179592474814;2.707650398157332;3.0;315.62;8.399999999999999
Activités;64;1.9924596234584233;2.1197690959186604;1.486327124368307;2.5857234504730524;3.5;1243.815;12.385000000000002
Maison individuelle;310;2.096637256342288;1.9810976195537973;1.14315885270085;2.6011759936829435;2.0;221.325;5.6
Equipement collectif;60;2.148332084039552;2.0400036613487447;1.2668379329788317;2.7239021642251537;3.0;1204.02;8.809999999999999
